URL,Last crawled
https://www.360degreecare.net/services/personal-care/pompton-lakes,2025-10-07
https://www.360degreecare.net/bergen-county/east-rutherford,2025-08-07
https://www.360degreecare.net/bergen-county/oakland,2025-07-15
https://www.360degreecare.net/bergen-county/teaneck,2025-07-14
https://www.360degreecare.net/bergen-county/englewood-cliffs,2025-07-13
https://www.360degreecare.net/passaic-county/totowa,2025-07-11
https://www.360degreecare.net/services/companion-care/wanaque,2025-07-11
https://www.360degreecare.net/services/elder-care/mahwah,2025-07-11
https://www.360degreecare.net/bergen-county/river-edge,2025-07-11
https://www.360degreecare.net/services/personal-care/island-heights-borough,2025-07-11
https://www.360degreecare.net/services/companion-care/union-beach-borough,2025-07-11
https://www.360degreecare.net/services/nursing/river-vale,2025-07-11
https://www.360degreecare.net/services/companion-care/bay-head-borough,2025-07-11
https://www.360degreecare.net/services/nursing/elmwood-park,2025-07-11
https://www.360degreecare.net/monmouth-county/atlantic-highlands-borough,2025-07-11
https://www.360degreecare.net/monmouth-county/ocean-township,2025-07-11
https://www.360degreecare.net/monmouth-county/matawan-borough,2025-07-11
https://www.360degreecare.net/services/companion-care/neptune-township,2025-07-10
https://www.360degreecare.net/monmouth-county/long-branch-city,2025-07-10
https://www.360degreecare.net/services/home-health-aides/red-bank-borough,2025-07-10
https://www.360degreecare.net/ocean-county/stafford-township,2025-07-10
https://www.360degreecare.net/monmouth-county/red-bank-borough,2025-07-10
https://www.360degreecare.net/ocean-county/ocean-gate-borough,2025-07-10
https://www.360degreecare.net/services/home-health-aides/woodcliff-lake,2025-07-06
https://www.360degreecare.net/services/elder-care/montvale,2025-07-06
https://www.360degreecare.net/services/elder-care/wayne,2025-07-06
https://www.360degreecare.net/services/home-health-aides/rochelle-park,2025-07-06
https://www.360degreecare.net/services/nursing/haledon,2025-07-06
https://www.360degreecare.net/services/companion-care/prospect-park,2025-07-06
https://www.360degreecare.net/services/elder-care/haledon,2025-07-06
https://www.360degreecare.net/services/companion-care/hawthorne,2025-07-06
https://www.360degreecare.net/services/elder-care/passaic,2025-07-06
https://www.360degreecare.net/services/elder-care/wanaque,2025-07-06
https://www.360degreecare.net/services/elder-care/ringwood,2025-07-06
https://www.360degreecare.net/services/staffing/north-haledon,2025-07-06
https://www.360degreecare.net/services/home-health-aides/pompton-lakes,2025-07-06
https://www.360degreecare.net/services/staffing/paterson,2025-07-06
https://www.360degreecare.net/services/staffing/woodland-park,2025-07-06
https://www.360degreecare.net/services/staffing/hawthorne,2025-07-06
https://www.360degreecare.net/services/staffing/little-falls,2025-07-06
https://www.360degreecare.net/services/staffing/west-milford,2025-07-06
https://www.360degreecare.net/services/staffing/wanaque,2025-07-06
https://www.360degreecare.net/services/staffing/pompton-lakes,2025-07-06
https://www.360degreecare.net/services/staffing/prospect-park,2025-07-06
https://www.360degreecare.net/services/personal-care/west-milford,2025-07-06
https://www.360degreecare.net/services/staffing/totowa,2025-07-06
https://www.360degreecare.net/services/staffing/woodcliff-lake,2025-07-06
https://www.360degreecare.net/services/staffing/bloomingdale,2025-07-06
https://www.360degreecare.net/services/home-health-aides/wallington,2025-07-05
https://www.360degreecare.net/services/personal-care/demarest,2025-06-27
https://www.360degreecare.net/services/nursing/glen-rock,2025-06-25
https://www.360degreecare.net/services/personal-care/hillsdale,2025-06-23
https://www.360degreecare.net/services/elder-care/glen-rock,2025-06-23
https://www.360degreecare.net/services/companion-care/washington-township,2025-06-22
https://www.360degreecare.net/services/personal-care/ho-ho-kus,2025-06-22
https://www.360degreecare.net/services/personal-care/lyndhurst,2025-06-22
https://www.360degreecare.net/services/companion-care/bogota,2025-06-21
https://www.360degreecare.net/services/home-health-aides/englewood,2025-06-21
https://www.360degreecare.net/services/companion-care/north-haledon,2025-06-21
https://www.360degreecare.net/services/companion-care/bloomingdale,2025-06-20
https://www.360degreecare.net/services/companion-care/woodland-park,2025-06-20
https://www.360degreecare.net/services/elder-care/woodcliff-lake,2025-06-20
https://www.360degreecare.net/services/companion-care/ho-ho-kus,2025-06-20
https://www.360degreecare.net/services/personal-care/river-edge,2025-06-20
https://www.360degreecare.net/services/home-health-aides/saddle-brook,2025-06-19
https://www.360degreecare.net/services/nursing/lodi,2025-06-19
https://www.360degreecare.net/services/companion-care/teterboro,2025-06-19
https://www.360degreecare.net/services/personal-care/emerson,2025-06-19
https://www.360degreecare.net/services/personal-care/south-hackensack,2025-06-19
https://www.360degreecare.net/services/home-health-aides/upper-saddle-river,2025-06-17
https://www.360degreecare.net/services/personal-care/franklin-lakes,2025-06-17
https://www.360degreecare.net/services/personal-care/north-arlington,2025-06-17
https://www.360degreecare.net/services/elder-care/lyndhurst,2025-06-17
https://www.360degreecare.net/services/elder-care/river-vale,2025-06-17
https://www.360degreecare.net/services/companion-care/new-milford,2025-06-17
https://www.360degreecare.net/services/nursing/rochelle-park,2025-06-17
https://www.360degreecare.net/services/home-health-aides/saddle-river,2025-06-17
https://www.360degreecare.net/services/nursing/park-ridge,2025-06-17
https://www.360degreecare.net/services/companion-care/lodi,2025-06-17
https://www.360degreecare.net/services/companion-care/west-milford,2025-06-17
https://www.360degreecare.net/services/nursing/passaic,2025-06-17
https://www.360degreecare.net/services/elder-care/teaneck,2025-06-17
https://www.360degreecare.net/services/nursing/woodcliff-lake,2025-06-17
https://www.360degreecare.net/services/personal-care/clifton,2025-06-17
https://www.360degreecare.net/services/nursing/ringwood,2025-06-17
https://www.360degreecare.net/services/nursing/north-haledon,2025-06-17
https://www.360degreecare.net/services/home-health-aides/park-ridge,2025-06-17
https://www.360degreecare.net/services/personal-care/woodland-park,2025-06-17
https://www.360degreecare.net/services/home-health-aides/north-haledon,2025-06-17
https://www.360degreecare.net/services/personal-care/little-falls,2025-06-17
https://www.360degreecare.net/services/personal-care/hawthorne,2025-06-17
https://www.360degreecare.net/services/home-health-aides/waldwick,2025-06-17
https://www.360degreecare.net/services/home-health-aides/wayne,2025-06-17
https://www.360degreecare.net/services/nursing/clifton,2025-06-17
https://www.360degreecare.net/services/personal-care/north-haledon,2025-06-17
https://www.360degreecare.net/services/personal-care/ringwood,2025-06-17
https://www.360degreecare.net/services/home-health-aides/passaic,2025-06-17
https://www.360degreecare.net/services/nursing/woodland-park,2025-06-17
https://www.360degreecare.net/services/companion-care/wayne,2025-06-17
https://www.360degreecare.net/services/home-health-aides/palisades-park,2025-06-17
https://www.360degreecare.net/services/home-health-aides/paterson,2025-06-17
https://www.360degreecare.net/services/home-health-aides/elmwood-park,2025-06-17
https://www.360degreecare.net/services/companion-care/elmwood-park,2025-06-17
https://www.360degreecare.net/services/nursing/wayne,2025-06-17
https://www.360degreecare.net/services/home-health-aides/clifton,2025-06-17
https://www.360degreecare.net/services/home-health-aides/hawthorne,2025-06-17
https://www.360degreecare.net/services/companion-care/woodcliff-lake,2025-06-17
https://www.360degreecare.net/services/personal-care/haledon,2025-06-17
https://www.360degreecare.net/services/nursing/totowa,2025-06-17
https://www.360degreecare.net/contact/services,2025-06-17
https://www.360degreecare.net/services/elder-care/park-ridge,2025-06-17
https://www.360degreecare.net/services/home-health-aides/teterboro,2025-06-17
https://www.360degreecare.net/services/personal-care/elmwood-park,2025-06-17
https://www.360degreecare.net/services/home-health-aides/little-falls,2025-06-17
https://www.360degreecare.net/services/elder-care/teterboro,2025-06-17
https://www.360degreecare.net/services/personal-care/closter,2025-06-17
https://www.360degreecare.net/services/nursing/ho-ho-kus,2025-06-17
https://www.360degreecare.net/services/companion-care/north-arlington,2025-06-17
https://www.360degreecare.net/services/home-health-aides/moonachie,2025-06-17
https://www.360degreecare.net/services/companion-care/bergenfield,2025-06-17
https://www.360degreecare.net/services/companion-care/rockleigh,2025-06-17
https://www.360degreecare.net/services/personal-care/teaneck,2025-06-17
https://www.360degreecare.net/services/elder-care/bloomingdale,2025-06-17
https://www.360degreecare.net/services/elder-care/west-milford,2025-06-17
https://www.360degreecare.net/services/nursing/prospect-park,2025-06-16
https://www.360degreecare.net/services/nursing/little-falls,2025-06-16
https://www.360degreecare.net/services/personal-care/wanaque,2025-06-16
https://www.360degreecare.net/services/elder-care/prospect-park,2025-06-16
https://www.360degreecare.net/services/personal-care/passaic,2025-06-16
https://www.360degreecare.net/services/elder-care/paterson,2025-06-16
https://www.360degreecare.net/services/elder-care/woodland-park,2025-06-16
https://www.360degreecare.net/services/companion-care/demarest,2025-06-16
https://www.360degreecare.net/services/personal-care/wayne,2025-06-16
https://www.360degreecare.net/services/personal-care/prospect-park,2025-06-16
https://www.360degreecare.net/services/nursing/bloomingdale,2025-06-16
https://www.360degreecare.net/services/nursing/paterson,2025-06-16
https://www.360degreecare.net/services/companion-care/ringwood,2025-06-16
https://www.360degreecare.net/services/home-health-aides/franklin-lakes,2025-06-16
https://www.360degreecare.net/services/home-health-aides/englewood-cliffs,2025-06-16
https://www.360degreecare.net/services/elder-care/closter,2025-06-16
https://www.360degreecare.net/services/nursing/north-arlington,2025-06-16
https://www.360degreecare.net/services/home-health-aides/paramus,2025-06-16
https://www.360degreecare.net/services/nursing/northvale,2025-06-16
https://www.360degreecare.net/services/companion-care/passaic,2025-06-16
https://www.360degreecare.net/services/elder-care/pompton-lakes,2025-06-16
https://www.360degreecare.net/services/elder-care/lodi,2025-06-16
https://www.360degreecare.net/how-to-pay,2025-06-16
https://www.360degreecare.net/services/elder-care/totowa,2025-06-16
https://www.360degreecare.net/services/elder-care/little-falls,2025-06-16
https://www.360degreecare.net/blog/silver-tsunami-aging-workforce-crisis,2025-06-16
https://www.360degreecare.net/services/nursing/wanaque,2025-06-16
https://www.360degreecare.net/services/personal-care/paterson,2025-06-16
https://www.360degreecare.net/services/personal-care/ridgewood,2025-06-16
https://www.360degreecare.net/services/personal-care/new-milford,2025-06-16
https://www.360degreecare.net/services/nursing/englewood-cliffs,2025-06-16
https://www.360degreecare.net/services/elder-care/tenafly,2025-06-16
https://www.360degreecare.net/services/companion-care/ridgefield-park,2025-06-16
https://www.360degreecare.net/services/personal-care/moonachie,2025-06-16
https://www.360degreecare.net/services/home-health-aides/west-milford,2025-06-16
https://www.360degreecare.net/services/personal-care/edgewater,2025-06-16
https://www.360degreecare.net/services/companion-care/old-tappan,2025-06-16
https://www.360degreecare.net/services/elder-care/elmwood-park,2025-06-16
https://www.360degreecare.net/services/elder-care/fair-lawn,2025-06-16
https://www.360degreecare.net/services/personal-care/totowa,2025-06-16
https://www.360degreecare.net/services/home-health-aides/totowa,2025-06-16
https://www.360degreecare.net/services/home-health-aides/woodland-park,2025-06-16
https://www.360degreecare.net/services/personal-care/bloomingdale,2025-06-16
https://www.360degreecare.net/services/home-health-aides/ringwood,2025-06-16
https://www.360degreecare.net/services/companion-care/totowa,2025-06-16
https://www.360degreecare.net/services/nursing/demarest,2025-06-15
https://www.360degreecare.net/services/companion-care/teaneck,2025-06-13
https://www.360degreecare.net/services/elder-care/bergenfield,2025-06-13
https://www.360degreecare.net/services/companion-care/waldwick,2025-06-13
https://www.360degreecare.net/services/elder-care/carlstadt,2025-06-13
https://www.360degreecare.net/services/companion-care/upper-saddle-river,2025-06-13
https://www.360degreecare.net/services/nursing/carlstadt,2025-06-13
https://www.360degreecare.net/services/nursing/river-edge,2025-06-13
https://www.360degreecare.net/services/nursing/rutherford,2025-06-13
https://www.360degreecare.net/services/personal-care/carlstadt,2025-06-13
https://www.360degreecare.net/services/nursing/haworth,2025-06-13
https://www.360degreecare.net/services/companion-care/maywood,2025-06-13
https://www.360degreecare.net/services/elder-care/new-milford,2025-06-13
https://www.360degreecare.net/services/companion-care/garfield,2025-06-12
https://www.360degreecare.net/services/home-health-aides/new-milford,2025-06-12
https://www.360degreecare.net/services/companion-care/south-hackensack,2025-06-12
https://www.360degreecare.net/services/companion-care/tenafly,2025-06-11
https://www.360degreecare.net/services/elder-care/wallington,2025-06-11
https://www.360degreecare.net/services/personal-care/northvale,2025-06-11
https://www.360degreecare.net/services/elder-care/south-hackensack,2025-06-11
https://www.360degreecare.net/services/nursing/palisades-park,2025-06-11
https://www.360degreecare.net/services/personal-care/allendale,2025-06-11
https://www.360degreecare.net/services/companion-care/ramsey,2025-06-11
https://www.360degreecare.net/services/personal-care/saddle-brook,2025-06-11
https://www.360degreecare.net/services/personal-care/park-ridge,2025-06-11
https://www.360degreecare.net/services/nursing/midland-park,2025-06-11
https://www.360degreecare.net/services/elder-care/ridgefield-park,2025-06-11
https://www.360degreecare.net/services/personal-care/bogota,2025-06-11
https://www.360degreecare.net/services/home-health-aides/little-ferry,2025-06-11
https://www.360degreecare.net/services/companion-care/northvale,2025-06-11
https://www.360degreecare.net/services/personal-care/teterboro,2025-06-11
https://www.360degreecare.net/services/personal-care/garfield,2025-06-11
https://www.360degreecare.net/services/home-health-aides/allendale,2025-06-11
https://www.360degreecare.net/services/home-health-aides/westwood,2025-06-11
https://www.360degreecare.net/services/home-health-aides/emerson,2025-06-11
https://www.360degreecare.net/services/home-health-aides/bogota,2025-06-11
https://www.360degreecare.net/services/personal-care/hackensack,2025-06-11
https://www.360degreecare.net/services/nursing/wood-ridge,2025-06-11
https://www.360degreecare.net/services/nursing/closter,2025-06-11
https://www.360degreecare.net/services/nursing/allendale,2025-06-11
https://www.360degreecare.net/services/personal-care/hasbrouck-heights,2025-06-11
https://www.360degreecare.net/services/nursing/maywood,2025-06-11
https://www.360degreecare.net/services/elder-care/north-arlington,2025-06-11
https://www.360degreecare.net/services/home-health-aides/ridgewood,2025-06-11
https://www.360degreecare.net/services/elder-care/demarest,2025-06-11
https://www.360degreecare.net/contact/employment,2025-06-11
https://www.360degreecare.net/services/nursing/little-ferry,2025-06-11
https://www.360degreecare.net/services/companion-care/park-ridge,2025-06-11
https://www.360degreecare.net/services/elder-care/moonachie,2025-06-11
https://www.360degreecare.net/services/nursing/moonachie,2025-06-11
https://www.360degreecare.net/services/elder-care/maywood,2025-06-11
https://www.360degreecare.net/services/companion-care/leonia,2025-06-11
https://www.360degreecare.net/services/elder-care/hackensack,2025-06-11
https://www.360degreecare.net/services/personal-care/wallington,2025-06-11
https://www.360degreecare.net/services/elder-care/fort-lee,2025-06-11
https://www.360degreecare.net/services/companion-care/fairview,2025-06-11
https://www.360degreecare.net/services/personal-care/little-ferry,2025-06-11
https://www.360degreecare.net/services/elder-care/waldwick,2025-06-11
https://www.360degreecare.net/services/personal-care/tenafly,2025-06-11
https://www.360degreecare.net/services/personal-care/bergenfield,2025-06-11
https://www.360degreecare.net/services/home-health-aides/lodi,2025-06-11
https://www.360degreecare.net/services/nursing/teaneck,2025-06-11
https://www.360degreecare.net/services/personal-care/cresskill,2025-06-11
https://www.360degreecare.net/services/nursing/hackensack,2025-06-11
https://www.360degreecare.net/services/nursing/south-hackensack,2025-06-11
https://www.360degreecare.net/services/nursing/dumont,2025-06-11
https://www.360degreecare.net/services/companion-care/harrington-park,2025-06-11
https://www.360degreecare.net/services/home-health-aides/garfield,2025-06-11
https://www.360degreecare.net/services/nursing/emerson,2025-06-11
https://www.360degreecare.net/services/nursing/bogota,2025-06-11
https://www.360degreecare.net/services/home-health-aides/old-tappan,2025-06-11
https://www.360degreecare.net/services/elder-care/paramus,2025-06-11
https://www.360degreecare.net/services/companion-care/wyckoff,2025-06-11
https://www.360degreecare.net/services/companion-care/haworth,2025-06-11
https://www.360degreecare.net/services/elder-care/little-ferry,2025-06-11
https://www.360degreecare.net/services/elder-care/rutherford,2025-06-11
https://www.360degreecare.net/services/companion-care/hasbrouck-heights,2025-06-11
https://www.360degreecare.net/services/companion-care/east-rutherford,2025-06-11
https://www.360degreecare.net/services/companion-care/oradell,2025-06-11
https://www.360degreecare.net/services/home-health-aides/river-edge,2025-06-11
https://www.360degreecare.net/services/nursing/waldwick,2025-06-11
https://www.360degreecare.net/services/companion-care/rochelle-park,2025-06-11
https://www.360degreecare.net/services/companion-care/hillsdale,2025-06-11
https://www.360degreecare.net/services/home-health-aides/closter,2025-06-11
https://www.360degreecare.net/services/elder-care/norwood,2025-06-11
https://www.360degreecare.net/services/personal-care/rutherford,2025-06-11
https://www.360degreecare.net/services/nursing/hillsdale,2025-06-11
https://www.360degreecare.net/services/nursing/saddle-river,2025-06-11
https://www.360degreecare.net/services/elder-care/hillsdale,2025-06-11
https://www.360degreecare.net/services/elder-care/cresskill,2025-06-11
https://www.360degreecare.net/services/home-health-aides/bergenfield,2025-06-11
https://www.360degreecare.net/services/elder-care/wyckoff,2025-06-11
https://www.360degreecare.net/services/home-health-aides/ridgefield-park,2025-06-11
https://www.360degreecare.net/services/home-health-aides/alpine,2025-06-11
https://www.360degreecare.net/services/companion-care/river-edge,2025-06-11
https://www.360degreecare.net/services/personal-care/midland-park,2025-06-11
https://www.360degreecare.net/services/nursing/saddle-brook,2025-06-11
https://www.360degreecare.net/services/companion-care/englewood-cliffs,2025-06-11
https://www.360degreecare.net/services/personal-care/englewood-cliffs,2025-06-11
https://www.360degreecare.net/services/personal-care/waldwick,2025-06-11
https://www.360degreecare.net/services/home-health-aides/tenafly,2025-06-11
https://www.360degreecare.net/services/nursing/wallington,2025-06-11
https://www.360degreecare.net/services/nursing/mahwah,2025-06-11
https://www.360degreecare.net/services/nursing/new-milford,2025-06-11
https://www.360degreecare.net/services/elder-care/alpine,2025-06-11
https://www.360degreecare.net/services/home-health-aides/river-vale,2025-06-11
https://www.360degreecare.net/services/companion-care/palisades-park,2025-06-11
https://www.360degreecare.net/services/nursing/edgewater,2025-06-11
https://www.360degreecare.net/services/home-health-aides/wyckoff,2025-06-11
https://www.360degreecare.net/services/companion-care/midland-park,2025-06-11
https://www.360degreecare.net/services/nursing/harrington-park,2025-06-11
https://www.360degreecare.net/services/companion-care/franklin-lakes,2025-06-11
https://www.360degreecare.net/services/nursing/lyndhurst,2025-06-11
https://www.360degreecare.net/services/personal-care/wood-ridge,2025-06-11
https://www.360degreecare.net/services/home-health-aides/montvale,2025-06-11
https://www.360degreecare.net/services/nursing/cresskill,2025-06-11
https://www.360degreecare.net/services/elder-care/wood-ridge,2025-06-11
https://www.360degreecare.net/services/home-health-aides/fair-lawn,2025-06-11
https://www.360degreecare.net/services/home-health-aides/edgewater,2025-06-11
https://www.360degreecare.net/services/personal-care/oakland,2025-06-11
https://www.360degreecare.net/services/nursing/paramus,2025-06-11
https://www.360degreecare.net/services/personal-care/east-rutherford,2025-06-11
https://www.360degreecare.net/services/personal-care/norwood,2025-06-11
https://www.360degreecare.net/services/companion-care/emerson,2025-06-11
https://www.360degreecare.net/services/companion-care/closter,2025-06-11
https://www.360degreecare.net/services/nursing/alpine,2025-06-11
https://www.360degreecare.net/services/companion-care/westwood,2025-06-11
https://www.360degreecare.net/services/companion-care/paramus,2025-06-11
https://www.360degreecare.net/services/elder-care/dumont,2025-06-11
https://www.360degreecare.net/services/home-health-aides/rockleigh,2025-06-11
https://www.360degreecare.net/services/nursing/ridgefield-park,2025-06-11
https://www.360degreecare.net/services/companion-care/alpine,2025-06-11
https://www.360degreecare.net/services/nursing/bergenfield,2025-06-11
https://www.360degreecare.net/contact/general,2025-06-11
https://www.360degreecare.net/services/elder-care/franklin-lakes,2025-06-11
https://www.360degreecare.net/services/elder-care/westwood,2025-06-11
https://www.360degreecare.net/services/elder-care/ho-ho-kus,2025-06-11
https://www.360degreecare.net/services/personal-care/englewood,2025-06-11
https://www.360degreecare.net/services/home-health-aides/teaneck,2025-06-11
https://www.360degreecare.net/services/elder-care/englewood-cliffs,2025-06-11
https://www.360degreecare.net/services/personal-care/rockleigh,2025-06-11
https://www.360degreecare.net/services/home-health-aides/glen-rock,2025-06-11
https://www.360degreecare.net/services/nursing/garfield,2025-06-11
https://www.360degreecare.net/services/personal-care/rochelle-park,2025-06-11
https://www.360degreecare.net/services/companion-care/carlstadt,2025-06-11
https://www.360degreecare.net/services/personal-care/glen-rock,2025-06-11
https://www.360degreecare.net/services/elder-care/edgewater,2025-06-11
https://www.360degreecare.net/services/elder-care/ramsey,2025-06-11
https://www.360degreecare.net/services/home-health-aides/hackensack,2025-06-11
https://www.360degreecare.net/services/companion-care/ridgefield,2025-06-11
https://www.360degreecare.net/services/home-health-aides/fort-lee,2025-06-11
https://www.360degreecare.net/services/elder-care/rockleigh,2025-06-11
https://www.360degreecare.net/services/companion-care/wood-ridge,2025-06-11
https://www.360degreecare.net/services/companion-care/dumont,2025-06-11
https://www.360degreecare.net/services/home-health-aides/ho-ho-kus,2025-06-11
https://www.360degreecare.net/services/companion-care/allendale,2025-06-11
https://www.360degreecare.net/services/elder-care/midland-park,2025-06-11
https://www.360degreecare.net/services/nursing/old-tappan,2025-06-11
https://www.360degreecare.net/services/nursing/east-rutherford,2025-06-11
https://www.360degreecare.net/services/companion-care/mahwah,2025-06-11
https://www.360degreecare.net/services/personal-care/palisades-park,2025-06-11
https://www.360degreecare.net/services/home-health-aides/north-arlington,2025-06-11
https://www.360degreecare.net/services/home-health-aides/norwood,2025-06-11
https://www.360degreecare.net/services/personal-care/river-vale,2025-06-11
https://www.360degreecare.net/services/companion-care/ridgewood,2025-06-11
https://www.360degreecare.net/services/personal-care/mahwah,2025-06-11
https://www.360degreecare.net/services/elder-care/upper-saddle-river,2025-06-11
https://www.360degreecare.net/services/nursing/montvale,2025-06-11
https://www.360degreecare.net/services/personal-care/westwood,2025-06-11
https://www.360degreecare.net/services/nursing/teterboro,2025-06-11
https://www.360degreecare.net/services/elder-care/garfield,2025-06-11
https://www.360degreecare.net/services/nursing/franklin-lakes,2025-06-11
https://www.360degreecare.net/services/nursing/fair-lawn,2025-06-11
https://www.360degreecare.net/services/elder-care/emerson,2025-06-11
https://www.360degreecare.net/services/nursing/cliffside-park,2025-06-11
https://www.360degreecare.net/services/personal-care/washington-township,2025-06-11
https://www.360degreecare.net/services/nursing/oakland,2025-06-11
https://www.360degreecare.net/services/nursing/fort-lee,2025-06-11
https://www.360degreecare.net/services/personal-care/oradell,2025-06-11
https://www.360degreecare.net/services/elder-care/oradell,2025-06-11
https://www.360degreecare.net/services/companion-care/hackensack,2025-06-11
https://www.360degreecare.net/services/elder-care/englewood,2025-06-11
https://www.360degreecare.net/services/home-health-aides/rutherford,2025-06-11
https://www.360degreecare.net/services/nursing/norwood,2025-06-11
https://www.360degreecare.net/services/personal-care/alpine,2025-06-11
https://www.360degreecare.net/services/companion-care/cresskill,2025-06-11
https://www.360degreecare.net/services/personal-care/saddle-river,2025-06-11
https://www.360degreecare.net/services/home-health-aides/south-hackensack,2025-06-11
https://www.360degreecare.net/services/elder-care/bogota,2025-06-11
https://www.360degreecare.net/services/nursing/rockleigh,2025-06-11
https://www.360degreecare.net/services/companion-care/montvale,2025-06-11
https://www.360degreecare.net/services/nursing/wyckoff,2025-06-11
https://www.360degreecare.net/services/elder-care/saddle-river,2025-06-11
https://www.360degreecare.net/services/home-health-aides/washington-township,2025-06-11
https://www.360degreecare.net/services/personal-care/leonia,2025-06-11
https://www.360degreecare.net/services/nursing/washington-township,2025-06-11
https://www.360degreecare.net/services/home-health-aides/demarest,2025-06-11
https://www.360degreecare.net/services/personal-care/paramus,2025-06-11
https://www.360degreecare.net/services/personal-care/montvale,2025-06-11
https://www.360degreecare.net/services/elder-care/east-rutherford,2025-06-11
https://www.360degreecare.net/services/personal-care/fair-lawn,2025-06-11
https://www.360degreecare.net/services/home-health-aides/lyndhurst,2025-06-11
https://www.360degreecare.net/services/personal-care/ridgefield-park,2025-06-11
https://www.360degreecare.net/services/personal-care/wyckoff,2025-06-11
https://www.360degreecare.net/services/home-health-aides/cliffside-park,2025-06-11
https://www.360degreecare.net/services/elder-care/cliffside-park,2025-06-11
https://www.360degreecare.net/services/personal-care/old-tappan,2025-06-11
https://www.360degreecare.net/services/elder-care/northvale,2025-06-11
https://www.360degreecare.net/services/home-health-aides/fairview,2025-06-11
https://www.360degreecare.net/services/nursing/hasbrouck-heights,2025-06-11
https://www.360degreecare.net/services/nursing/leonia,2025-06-11
https://www.360degreecare.net/services/elder-care/saddle-brook,2025-06-11
https://www.360degreecare.net/services/personal-care/fairview,2025-06-11
https://www.360degreecare.net/services/companion-care/saddle-brook,2025-06-11
https://www.360degreecare.net/services/companion-care/lyndhurst,2025-06-11
https://www.360degreecare.net/services/companion-care/fort-lee,2025-06-11
https://www.360degreecare.net/services/nursing/ramsey,2025-06-11
https://www.360degreecare.net/services/home-health-aides/haworth,2025-06-11
https://www.360degreecare.net/services/personal-care/upper-saddle-river,2025-06-11
https://www.360degreecare.net/services/home-health-aides/leonia,2025-06-11
https://www.360degreecare.net/services/home-health-aides/hillsdale,2025-06-11
https://www.360degreecare.net/services/elder-care/washington-township,2025-06-11
https://www.360degreecare.net/services/home-health-aides/midland-park,2025-06-11
https://www.360degreecare.net/services/elder-care/haworth,2025-06-11
https://www.360degreecare.net/services/personal-care/ramsey,2025-06-11
https://www.360degreecare.net/services/personal-care/lodi,2025-06-11
https://www.360degreecare.net/services/personal-care/cliffside-park,2025-06-11
https://www.360degreecare.net/services/personal-care/dumont,2025-06-11
https://www.360degreecare.net/services/nursing/ridgefield,2025-06-11
https://www.360degreecare.net/services/home-health-aides/northvale,2025-06-11
https://www.360degreecare.net/services/home-health-aides/cresskill,2025-06-11
https://www.360degreecare.net/services/companion-care/glen-rock,2025-06-11
https://www.360degreecare.net/services/personal-care/ridgefield,2025-06-11
https://www.360degreecare.net/services/elder-care/hasbrouck-heights,2025-06-11
https://www.360degreecare.net/services/personal-care/maywood,2025-06-11
https://www.360degreecare.net/services/companion-care/norwood,2025-06-11
https://www.360degreecare.net/services/companion-care/oakland,2025-06-11
https://www.360degreecare.net/services/nursing/westwood,2025-06-11
https://www.360degreecare.net/services/home-health-aides/hasbrouck-heights,2025-06-11
https://www.360degreecare.net/services/companion-care/fair-lawn,2025-06-11
https://www.360degreecare.net/services/companion-care/rutherford,2025-06-11
https://www.360degreecare.net/services/companion-care/river-vale,2025-06-11
https://www.360degreecare.net/services/elder-care/leonia,2025-06-11
https://www.360degreecare.net/services/nursing/oradell,2025-06-11
https://www.360degreecare.net/services/home-health-aides/east-rutherford,2025-06-11
https://www.360degreecare.net/services/home-health-aides/ramsey,2025-06-11
https://www.360degreecare.net/services/companion-care/moonachie,2025-06-11
https://www.360degreecare.net/services/elder-care/rochelle-park,2025-06-11
https://www.360degreecare.net/services/home-health-aides/wood-ridge,2025-06-10
https://www.360degreecare.net/services/elder-care/harrington-park,2025-06-10
https://www.360degreecare.net/services/personal-care/harrington-park,2025-06-10
https://www.360degreecare.net/services/companion-care/little-ferry,2025-06-10
https://www.360degreecare.net/services/elder-care/ridgefield,2025-06-10
https://www.360degreecare.net/services/home-health-aides/mahwah,2025-06-10
https://www.360degreecare.net/services/elder-care/fairview,2025-06-10
https://www.360degreecare.net/services/elder-care/river-edge,2025-06-10
https://www.360degreecare.net/services/home-health-aides/oakland,2025-06-10
https://www.360degreecare.net/services/companion-care/edgewater,2025-06-10
https://www.360degreecare.net/services/companion-care/saddle-river,2025-06-10
https://www.360degreecare.net/services/elder-care/allendale,2025-06-10
https://www.360degreecare.net/services/nursing/englewood,2025-06-10
https://www.360degreecare.net/services/nursing/upper-saddle-river,2025-06-10
https://www.360degreecare.net/services/companion-care/wallington,2025-06-10
https://www.360degreecare.net/services/elder-care/oakland,2025-06-10
https://www.360degreecare.net/services/nursing/fairview,2025-06-10
https://www.360degreecare.net/services/nursing/tenafly,2025-06-10
https://www.360degreecare.net/services/nursing/ridgewood,2025-06-10
https://www.360degreecare.net/services/home-health-aides/ridgefield,2025-06-10
https://www.360degreecare.net/services/elder-care/ridgewood,2025-06-10
https://www.360degreecare.net/services/companion-care/englewood,2025-06-10
https://www.360degreecare.net/services/elder-care/palisades-park,2025-06-10
https://www.360degreecare.net/services/elder-care/old-tappan,2025-06-10
https://www.360degreecare.net/services/home-health-aides/dumont,2025-06-10
https://www.360degreecare.net/services/home-health-aides/harrington-park,2025-06-10
https://www.360degreecare.net/services/personal-care/haworth,2025-06-10
https://www.360degreecare.net/services/personal-care/fort-lee,2025-06-10
https://www.360degreecare.net/services/home-health-aides/carlstadt,2025-06-05
https://www.360degreecare.net/not-found,2025-05-31
https://www.360degreecare.net/_next/static/media/09f7b6b7f4b56175-s.p.woff2,2025-05-30
https://www.360degreecare.net/_next/static/media/1f3fe8c6df3d47c1-s.p.woff2,2025-05-28